INSERT INTO USER (ID, VERSION, BIRTHDAY, EMAIL, NAME, PASSW, ROLE, USERNAME) VALUES (1, 1, '1995-04-12', 'alma@alma.com', 'Full Name', 'password', 'ADMIN', 'User');
INSERT INTO USER (ID, VERSION, BIRTHDAY, EMAIL, NAME, PASSW, ROLE, USERNAME) VALUES  (2, 1, '1990-06-30', 'jaxk3mp@gmail.com', 'Istvan Holczmann', 'password', 'USER', 'antropi');
INSERT INTO USER (ID, VERSION, BIRTHDAY, EMAIL, NAME, PASSW, ROLE, USERNAME) VALUES (3, 1, '1990-04-12', 'valaki@gmail.com', 'Peter Nagy', 'password', 'USER', 'Nagy');
INSERT INTO USER (ID, VERSION, BIRTHDAY, EMAIL, NAME, PASSW, ROLE, USERNAME) VALUES (4, 1, '1990-04-12', 'almafa@fradi.hu', 'KG Béla', 'password', 'GUEST', 'asdasd');
INSERT INTO USER (ID, VERSION, BIRTHDAY, EMAIL, NAME, PASSW, ROLE, USERNAME) VALUES (5, 1, '1992-01-12', 'korte@alma.com', 'No Name', 'password', 'GUEST', 'Dummy');
INSERT INTO USER (ID, VERSION, BIRTHDAY, EMAIL, NAME, PASSW, ROLE, USERNAME) VALUES (6, 1, '1995-04-12', 'superuser@superuser.com', 'Superuser Name', 'password', 'SUPERUSER', 'superuser');

INSERT INTO REQUEST (ID, VERSION, DIRECTOR, TITLE, YEAR, USER_ID) VALUES (1, 1, 'Dummy Director', 'Unknown movie', 1993, 1);
INSERT INTO REQUEST (ID, VERSION, DIRECTOR, TITLE, YEAR, USER_ID) VALUES (2, 1, 'Zack Snyder', 'Justice League',2017, 1);
INSERT INTO REQUEST (ID, VERSION, DIRECTOR, TITLE, YEAR, USER_ID) VALUES (3, 1, 'Russo brothers', 'Avengers: Infinity War',2018, 1);
INSERT INTO REQUEST (ID, VERSION, DIRECTOR, TITLE, YEAR, USER_ID) VALUES (4, 1, 'Scott Derrickson', 'Doctor Strange',2016, 3);
INSERT INTO REQUEST (ID, VERSION, DIRECTOR, TITLE, YEAR, USER_ID) VALUES (5, 1, 'Damien Chazelle', 'La La Land',2016, 2);

INSERT INTO GENRE (ID,VERSION,NAME) VALUES (1,1,'HORROR'),(2,1,'ACTION'),(3,1,'ADVENTURE'),(4,1,'COMEDY'),(5,1,'CRIME'),(6,1,'DRAMA'),(7,1,'SCI-FI'),(8,1,'FANTASY'),(9,1,'MUSICAL');

INSERT INTO MOVIE (ID,VERSION,DESCRIPTION,DIRECTOR,GENRE_ID,TITLE,YEAR)  VALUES (1,1,'Explore the other world','Scott Derrickson',1,'Doctor Strange',2016);
INSERT INTO MOVIE (ID,VERSION,DESCRIPTION,DIRECTOR,GENRE_ID,TITLE,YEAR)  VALUES (2,1,'Cooles science-fiction ever','George Lucas',7,'Star-Wars: New Hope',1976);
INSERT INTO MOVIE (ID,VERSION,DESCRIPTION,DIRECTOR,GENRE_ID,TITLE,YEAR)  VALUES (3,1,'Piraaatttzzz','Gore Verbinski',8,'Pirates of the Caribbean',2003);
INSERT INTO MOVIE (ID,VERSION,DESCRIPTION,DIRECTOR,GENRE_ID,TITLE,YEAR)  VALUES (4,1,'Are u dreaming?Are u sure?','Wachowski brothers',7,'The Matrix',1999);
INSERT INTO MOVIE (ID,VERSION,DESCRIPTION,DIRECTOR,GENRE_ID,TITLE,YEAR)  VALUES (5,1,'How to rob  3 casino?','Quite Good Director',1,'Ocean''s Eleven',2002);

INSERT INTO ACTOR (ID, VERSION, BIRTHDAY, NAME) VALUES (1, 1, '1963-06-09', 'Johnny Depp');
INSERT INTO ACTOR (ID, VERSION, BIRTHDAY, NAME) VALUES (2, 1, '1980-11-12', 'Ryan Gosling');
INSERT INTO ACTOR (ID, VERSION, BIRTHDAY, NAME) VALUES (3, 1, '1988-11-06', 'Emma Stone');
INSERT INTO ACTOR (ID, VERSION, BIRTHDAY, NAME) VALUES (4, 1, '1942-07-13', 'Harrison Ford');
INSERT INTO ACTOR (ID, VERSION, BIRTHDAY, NAME) VALUES (5, 1, '1956-10-21', 'Carrie Fisher');
INSERT INTO ACTOR (ID, VERSION, BIRTHDAY, NAME) VALUES (6, 1, '1977-01-13', 'Orlando Bloom');
INSERT INTO ACTOR (ID, VERSION, BIRTHDAY, NAME) VALUES (7, 1, '1985-03-26', 'Keira Knightley');
INSERT INTO ACTOR (ID, VERSION, BIRTHDAY, NAME) VALUES (8, 1, '1964-10-02', 'Keanu Reeves');
INSERT INTO ACTOR (ID, VERSION, BIRTHDAY, NAME) VALUES (9, 1, '1961-05-06', 'George Clooney');
INSERT INTO ACTOR (ID, VERSION, BIRTHDAY, NAME) VALUES (10, 1, '1976-07-19', 'Benedict Cumberbatch');

INSERT INTO ACTOR_MOVIES (ACTORS_ID, MOVIES_ID) VALUES (10,1),(4,2),(5,2),(1,3),(6,3),(7,3),(8,4),(9,5);

INSERT INTO LOAN (ID, VERSION, LOAN_END, LOAN_START, MOVIE_ID, USER_ID) VALUES (1,1,'2017-11-14 23:33:22','2017-11-10 01:58:22',1,1);

INSERT INTO RATE (ID, VERSION, OPINION, POINT_VALUE, RATE_ADDED, MOVIE_ID, USER_ID) VALUES (1,1,'This film is quite enough.',5,'2017-11-12 01:58:22',1,1);